"2017-04-03 09:50:45";"shaitan daroga";"hello akki sir";
"2017-04-03 09:50:45";"jax";"@WORLDERPE hello";
"2017-04-03 09:50:44";"Moon (H)";"@BullWorthRP hello. Is moon hyuna avail?";
"2017-04-03 09:50:44";"„Éó„É©„Éà„É≥";"RT @Andrea94101Ange: Hello plan√®te Twitter! dernier jour de Mars...je vous souhaite une douce journ√©e bisous üòòüåû‚òÄÔ∏èüçìüç∏ https://t.co/QVTQSNvrBL";
"2017-04-03 09:50:44";"Avrilla";"RT @jjubbu: Hello #mondaymotivation üí™‚òïÔ∏è@HumanistReport chats with former Bernie staffer Nick Bra√±a about the People's Party: https://t.co/4‚Ä¶";
"2017-04-03 09:50:43";"Greater Nepal";"@bishodip @Hello_Sarkar @BimalendraNidhi ‡§¶‡•á‡§∂ ‡§®‡§ø‡§ï‡§æ‡§≤‡§æ ‡§π‡•ã‡§∏‡•§";
"2017-04-03 09:50:43";"„Éû„Ç¶„Çµ„Éº„Å´„Å™„Å£„Åü„Éè„É≠„Éº";"„É©„É≥„ÇØ@1";
"2017-04-03 09:50:43";"karyn pierce";"RT @docrocktex26: Who the fuck elected him? 
Did the Senate confirm his appointment? 
Why the fuck is he even there?! HELLO?! https://t.co/‚Ä¶";
"2017-04-03 09:50:43";"eshman";"RT @Chrixeleon: Oh, hello there https://t.co/CryiyZLZd3";
"2017-04-03 09:50:43";"KissMarc DAVAO";"RT @UpdatesKissMarc: Hello po.. Please please wag mag TD

KISSMARC GandangLahi";
"2017-04-03 09:50:42";"CLARA SANTOS";"RT @elnellaknows: Hello supers @SuperElmo @superjanella paramdam po kayo. Miss na namen kayo 

#Day3OfElmosMonth";
"2017-04-03 09:50:42";"RXLMKZ";"RT @HellocupidsID: [Press Pic] 170330 Ìó¨Î°úÎπÑÎÑàÏä§ Hello Venus Lime @ 17FW HERA SEOUL FASHION WEEK <KIMMY.J> *2* https://t.co/4UdttFZRkD";
"2017-04-03 09:50:42";"JeanieMichelle";"@MORTONLB53 hello Bryce, I am Jennifer. I totally get you.";
"2017-04-03 09:50:42";"Ïö∞Ï£º";"ÏòàÏóê„Öî";
"2017-04-03 09:50:42";"My Friend Catherine";"My friend Catherine,Vera says hello üòÅ";
"2017-04-03 09:51:16";"Nikki MontanoüçØ";"RT @biticonjustine: hello guys ~ my friend started a gofundme thatll help provide lifestraws to kids in ethiopia! please donate or RT! http‚Ä¶";
"2017-04-03 09:51:15";"Guce cameroon";"Hello everyone, it is a great pleasure to start this new week with you. https://t.co/lYYiJqjP5j";
"2017-04-03 09:51:15";"leah orilla";"RT @LurkerAnonymous: @Mcskrenggetone @MWSkrengge Hello pow. Kahit nasa trabaho sinisingit ang TP. Patay tayo sa amo natin hahahaha

HeartSt‚Ä¶";
"2017-04-03 09:51:15";"i like this";"@mimi62740 Hello mimi, ton weekend te fut-il agr√©able ?";
"2017-04-03 09:51:14";"IQ Option - Irobot";"Learn Colors with Surprise Eggs Mcqueen Minion Sulley SpongeBob Hello Ki... https://t.co/SNvJTtY4Mx via @YouTube";
"2017-04-03 09:51:13";"aku";"Hello I'm aku I'm a experinced roleplayer and I'm looking for a owner and someone to dominate me";
"2017-04-03 09:51:13";"Miki Charlamagne Wal";"@SmritiSthapa Like hello check this !! https://t.co/GD5lA7xhpm";
"2017-04-03 09:51:13";"Brazen Pixy";"@slyandsulk MTV used to be weird in a good way. Not this. Hello. Whatever.";
"2017-04-03 09:51:12";"GITBÏú®Ïã¥#0805#‡πÅ‡∏Å‡πâ‡∏ö‡∏ô";"RT @GR26Sic18: jessica.syj: Hello üå±
üîπSeoul, South Korea

: https://t.co/2n1ZW5Dsor
-https://t.co/CxCYVcnCl4 https://t.co/N3HliwA93q";
"2017-04-03 09:51:12";"Ïö∞Ï£º";"ÏïÑ ÏãúÏûò ÌùëÏó≠ÏÇ¨ Í∏∞ÏñµÎÇòÎ©¥ Ï¢Ä Ï£ΩÍ≥†Ïã∂Ïùå";
"2017-04-03 09:51:10";".Sa #ZenZef";"RT @PDRPRTS: a search for the collective in the personal. respect to .@ArnoMinkkinen .@carprat .@quanticmusic https://t.co/ZnszwKIx1h #relo‚Ä¶";
"2017-04-03 09:51:10";"Grezznielandüíñ";"RT @AlwysJadine: Loving the show!! A little backstage peek - if you see us Come say hello! #alwaysjadinelasvegas https://t.co/AwVqBYzHr9";
"2017-04-03 09:51:10";"trafficjamnetwork";"FitbaMadDad Hello Robin, we only have info on trunk routes, the local council should have the info. P. Thx #trafficscotland";
"2017-04-03 09:51:10";"‡∏ï‡∏∞‡πÄ‡∏ï‡∏∑‡∏≠‡∏ô‡πÑ‡∏ï";"RT @shopfankpop: (‡∏û‡∏£‡πâ‡∏≠‡∏°‡∏™‡πà‡∏á)  Jeju volcanic pore cleansing foam  ‡∏ä‡πà‡∏ß‡∏¢‡∏î‡∏π‡∏î‡∏ã‡∏±‡∏ö‡∏Ñ‡∏ß‡∏≤‡∏°‡∏°‡∏±‡∏ô‡πÅ‡∏•‡∏∞‡∏™‡∏¥‡πà‡∏á‡∏™‡∏Å‡∏õ‡∏£‡∏Å‡∏ó‡∏µ‡πà‡∏≠‡∏∏‡∏î‡∏ï‡∏±‡∏ô‡πÉ‡∏ô‡∏£‡∏π‡∏Ç‡∏∏‡∏°‡∏Ç‡∏ô ‡πÉ‡∏ä‡πâ‡πÑ‡∏î‡πâ‡∏õ‡∏£‡∏∞‡∏°‡∏≤‡∏ì3-5‡πÄ‡∏î‡∏∑‡∏≠‡∏ô‚ú® 290‡∏ø‚Ä¶";
"2017-04-03 09:51:09";"üåà floatingbubbles";"RT @tbhjustugIy: hello 911 i can't stop eating";
"2017-04-03 09:51:16";"Nikki MontanoüçØ";"RT @biticonjustine: hello guys ~ my friend started a gofundme thatll help provide lifestraws to kids in ethiopia! please donate or RT! http‚Ä¶";
"2017-04-03 09:51:15";"Guce cameroon";"Hello everyone, it is a great pleasure to start this new week with you. https://t.co/lYYiJqjP5j";
"2017-04-03 09:51:15";"leah orilla";"RT @LurkerAnonymous: @Mcskrenggetone @MWSkrengge Hello pow. Kahit nasa trabaho sinisingit ang TP. Patay tayo sa amo natin hahahaha

HeartSt‚Ä¶";
"2017-04-03 09:51:15";"i like this";"@mimi62740 Hello mimi, ton weekend te fut-il agr√©able ?";
"2017-04-03 09:51:14";"IQ Option - Irobot";"Learn Colors with Surprise Eggs Mcqueen Minion Sulley SpongeBob Hello Ki... https://t.co/SNvJTtY4Mx via @YouTube";
"2017-04-03 09:51:13";"aku";"Hello I'm aku I'm a experinced roleplayer and I'm looking for a owner and someone to dominate me";
"2017-04-03 09:51:13";"Miki Charlamagne Wal";"@SmritiSthapa Like hello check this !! https://t.co/GD5lA7xhpm";
"2017-04-03 09:51:13";"Brazen Pixy";"@slyandsulk MTV used to be weird in a good way. Not this. Hello. Whatever.";
"2017-04-03 09:51:12";"GITBÏú®Ïã¥#0805#‡πÅ‡∏Å‡πâ‡∏ö‡∏ô";"RT @GR26Sic18: jessica.syj: Hello üå±
üîπSeoul, South Korea

: https://t.co/2n1ZW5Dsor
-https://t.co/CxCYVcnCl4 https://t.co/N3HliwA93q";
"2017-04-03 09:51:12";"Ïö∞Ï£º";"ÏïÑ ÏãúÏûò ÌùëÏó≠ÏÇ¨ Í∏∞ÏñµÎÇòÎ©¥ Ï¢Ä Ï£ΩÍ≥†Ïã∂Ïùå";
"2017-04-03 09:51:10";".Sa #ZenZef";"RT @PDRPRTS: a search for the collective in the personal. respect to .@ArnoMinkkinen .@carprat .@quanticmusic https://t.co/ZnszwKIx1h #relo‚Ä¶";
"2017-04-03 09:51:10";"Grezznielandüíñ";"RT @AlwysJadine: Loving the show!! A little backstage peek - if you see us Come say hello! #alwaysjadinelasvegas https://t.co/AwVqBYzHr9";
"2017-04-03 09:51:10";"trafficjamnetwork";"FitbaMadDad Hello Robin, we only have info on trunk routes, the local council should have the info. P. Thx #trafficscotland";
"2017-04-03 09:51:10";"‡∏ï‡∏∞‡πÄ‡∏ï‡∏∑‡∏≠‡∏ô‡πÑ‡∏ï";"RT @shopfankpop: (‡∏û‡∏£‡πâ‡∏≠‡∏°‡∏™‡πà‡∏á)  Jeju volcanic pore cleansing foam  ‡∏ä‡πà‡∏ß‡∏¢‡∏î‡∏π‡∏î‡∏ã‡∏±‡∏ö‡∏Ñ‡∏ß‡∏≤‡∏°‡∏°‡∏±‡∏ô‡πÅ‡∏•‡∏∞‡∏™‡∏¥‡πà‡∏á‡∏™‡∏Å‡∏õ‡∏£‡∏Å‡∏ó‡∏µ‡πà‡∏≠‡∏∏‡∏î‡∏ï‡∏±‡∏ô‡πÉ‡∏ô‡∏£‡∏π‡∏Ç‡∏∏‡∏°‡∏Ç‡∏ô ‡πÉ‡∏ä‡πâ‡πÑ‡∏î‡πâ‡∏õ‡∏£‡∏∞‡∏°‡∏≤‡∏ì3-5‡πÄ‡∏î‡∏∑‡∏≠‡∏ô‚ú® 290‡∏ø‚Ä¶";
"2017-04-03 09:51:09";"üåà floatingbubbles";"RT @tbhjustugIy: hello 911 i can't stop eating";
"2017-04-03 09:51:16";"Nikki MontanoüçØ";"RT @biticonjustine: hello guys ~ my friend started a gofundme thatll help provide lifestraws to kids in ethiopia! please donate or RT! http‚Ä¶";
"2017-04-03 09:51:15";"Guce cameroon";"Hello everyone, it is a great pleasure to start this new week with you. https://t.co/lYYiJqjP5j";
"2017-04-03 09:51:15";"leah orilla";"RT @LurkerAnonymous: @Mcskrenggetone @MWSkrengge Hello pow. Kahit nasa trabaho sinisingit ang TP. Patay tayo sa amo natin hahahaha

HeartSt‚Ä¶";
"2017-04-03 09:51:15";"i like this";"@mimi62740 Hello mimi, ton weekend te fut-il agr√©able ?";
"2017-04-03 09:51:14";"IQ Option - Irobot";"Learn Colors with Surprise Eggs Mcqueen Minion Sulley SpongeBob Hello Ki... https://t.co/SNvJTtY4Mx via @YouTube";
"2017-04-03 09:51:13";"aku";"Hello I'm aku I'm a experinced roleplayer and I'm looking for a owner and someone to dominate me";
"2017-04-03 09:51:13";"Miki Charlamagne Wal";"@SmritiSthapa Like hello check this !! https://t.co/GD5lA7xhpm";
"2017-04-03 09:51:13";"Brazen Pixy";"@slyandsulk MTV used to be weird in a good way. Not this. Hello. Whatever.";
"2017-04-03 09:51:12";"GITBÏú®Ïã¥#0805#‡πÅ‡∏Å‡πâ‡∏ö‡∏ô";"RT @GR26Sic18: jessica.syj: Hello üå±
üîπSeoul, South Korea

: https://t.co/2n1ZW5Dsor
-https://t.co/CxCYVcnCl4 https://t.co/N3HliwA93q";
"2017-04-03 09:51:12";"Ïö∞Ï£º";"ÏïÑ ÏãúÏûò ÌùëÏó≠ÏÇ¨ Í∏∞ÏñµÎÇòÎ©¥ Ï¢Ä Ï£ΩÍ≥†Ïã∂Ïùå";
"2017-04-03 09:51:10";".Sa #ZenZef";"RT @PDRPRTS: a search for the collective in the personal. respect to .@ArnoMinkkinen .@carprat .@quanticmusic https://t.co/ZnszwKIx1h #relo‚Ä¶";
"2017-04-03 09:51:10";"Grezznielandüíñ";"RT @AlwysJadine: Loving the show!! A little backstage peek - if you see us Come say hello! #alwaysjadinelasvegas https://t.co/AwVqBYzHr9";
"2017-04-03 09:51:10";"trafficjamnetwork";"FitbaMadDad Hello Robin, we only have info on trunk routes, the local council should have the info. P. Thx #trafficscotland";
"2017-04-03 09:51:10";"‡∏ï‡∏∞‡πÄ‡∏ï‡∏∑‡∏≠‡∏ô‡πÑ‡∏ï";"RT @shopfankpop: (‡∏û‡∏£‡πâ‡∏≠‡∏°‡∏™‡πà‡∏á)  Jeju volcanic pore cleansing foam  ‡∏ä‡πà‡∏ß‡∏¢‡∏î‡∏π‡∏î‡∏ã‡∏±‡∏ö‡∏Ñ‡∏ß‡∏≤‡∏°‡∏°‡∏±‡∏ô‡πÅ‡∏•‡∏∞‡∏™‡∏¥‡πà‡∏á‡∏™‡∏Å‡∏õ‡∏£‡∏Å‡∏ó‡∏µ‡πà‡∏≠‡∏∏‡∏î‡∏ï‡∏±‡∏ô‡πÉ‡∏ô‡∏£‡∏π‡∏Ç‡∏∏‡∏°‡∏Ç‡∏ô ‡πÉ‡∏ä‡πâ‡πÑ‡∏î‡πâ‡∏õ‡∏£‡∏∞‡∏°‡∏≤‡∏ì3-5‡πÄ‡∏î‡∏∑‡∏≠‡∏ô‚ú® 290‡∏ø‚Ä¶";
"2017-04-03 09:51:09";"üåà floatingbubbles";"RT @tbhjustugIy: hello 911 i can't stop eating";
